<?xml version="1.0" encoding="utf-8"?>
<resources>
    <style name="TextAppearance.Compat.Notification" parent="@android:style/TextAppearance.Material.Notification" />
    <style name="TextAppearance.Compat.Notification.Info" parent="@android:style/TextAppearance.Material.Notification.Info" />
    <style name="TextAppearance.Compat.Notification.Info.Media" parent="@style/TextAppearance.Compat.Notification.Info">
        <item name="android:textColor">@color/secondary_text_default_material_dark</item>
    </style>
    <style name="TextAppearance.Compat.Notification.Media" parent="@style/TextAppearance.Compat.Notification">
        <item name="android:textColor">@color/secondary_text_default_material_dark</item>
    </style>
    <style name="TextAppearance.Compat.Notification.Time" parent="@android:style/TextAppearance.Material.Notification.Time" />
    <style name="TextAppearance.Compat.Notification.Time.Media" parent="@style/TextAppearance.Compat.Notification.Time">
        <item name="android:textColor">@color/secondary_text_default_material_dark</item>
    </style>
    <style name="TextAppearance.Compat.Notification.Title" parent="@android:style/TextAppearance.Material.Notification.Title" />
    <style name="TextAppearance.Compat.Notification.Title.Media" parent="@style/TextAppearance.Compat.Notification.Title">
        <item name="android:textColor">@color/primary_text_default_material_dark</item>
    </style>
    <style name="Widget.Compat.NotificationActionContainer" parent="">
        <item name="android:background">@drawable/notification_action_background</item>
    </style>
    <style name="Widget.Compat.NotificationActionText" parent="">
        <item name="android:textAppearance">?android:textAppearanceButton</item>
        <item name="android:textSize">@dimen/notification_action_text_size</item>
        <item name="android:textColor">@color/secondary_text_default_material_light</item>
    </style>
</resources>
