<?xml version="1.0" encoding="utf-8"?>
<resources>
    <attr name="coordinatorLayoutStyle" format="reference" />
    <attr name="alpha" format="float" />
    <attr name="keylines" format="reference" />
    <attr name="statusBarBackground" format="reference|color" />
    <attr name="layout_behavior" format="string" />
    <attr name="layout_anchor" format="reference" />
    <attr name="layout_keyline" format="integer" />
    <attr name="layout_anchorGravity">
        <flag name="bottom" value="0x00000050" />
        <flag name="center" value="0x00000011" />
        <flag name="center_horizontal" value="0x00000001" />
        <flag name="center_vertical" value="0x00000010" />
        <flag name="clip_horizontal" value="0x00000008" />
        <flag name="clip_vertical" value="0x00000080" />
        <flag name="end" value="0x00800005" />
        <flag name="fill" value="0x00000077" />
        <flag name="fill_horizontal" value="0x00000007" />
        <flag name="fill_vertical" value="0x00000070" />
        <flag name="left" value="0x00000003" />
        <flag name="right" value="0x00000005" />
        <flag name="start" value="0x00800003" />
        <flag name="top" value="0x00000030" />
    </attr>
    <attr name="layout_insetEdge">
        <enum name="bottom" value="80" />
        <enum name="end" value="8388613" />
        <enum name="left" value="3" />
        <enum name="right" value="5" />
        <enum name="start" value="8388611" />
        <enum name="top" value="48" />
        <enum name="none" value="0" />
    </attr>
    <attr name="layout_dodgeInsetEdges">
        <flag name="bottom" value="0x00000050" />
        <flag name="end" value="0x00800005" />
        <flag name="left" value="0x00000003" />
        <flag name="right" value="0x00000005" />
        <flag name="start" value="0x00800003" />
        <flag name="top" value="0x00000030" />
        <flag name="none" value="0x00000000" />
        <flag name="all" value="0x00000077" />
    </attr>
    <attr name="fontProviderAuthority" format="string" />
    <attr name="fontProviderPackage" format="string" />
    <attr name="fontProviderQuery" format="string" />
    <attr name="fontProviderCerts" format="reference" />
    <attr name="fontProviderFetchStrategy">
        <enum name="async" value="1" />
        <enum name="blocking" value="0" />
    </attr>
    <attr name="fontProviderFetchTimeout" format="integer">
        <enum name="forever" value="-1" />
    </attr>
    <attr name="fontStyle">
        <enum name="italic" value="1" />
        <enum name="normal" value="0" />
    </attr>
    <attr name="font" format="reference" />
    <attr name="fontWeight" format="integer" />
    <attr name="fontVariationSettings" format="string" />
    <attr name="ttcIndex" format="integer" />
</resources>
