<?xml version="1.0" encoding="utf-8"?>
<resources>
    <color name="notification_action_color_filter">#ffffffff</color>
    <color name="notification_icon_bg_color">#ff9e9e9e</color>
    <color name="notification_material_background_media_default_color">#ff424242</color>
    <color name="primary_text_default_material_dark">#ffffffff</color>
    <color name="ripple_material_light">#1f000000</color>
    <color name="secondary_text_default_material_dark">#b3ffffff</color>
    <color name="secondary_text_default_material_light">#8a000000</color>
</resources>
