<?xml version="1.0" encoding="utf-8"?>
<resources>
    <item type="id" name="line1" />
    <item type="id" name="line3" />
    <item type="id" name="tag_transition_group" />
    <item type="id" name="tag_unhandled_key_event_manager" />
    <item type="id" name="tag_unhandled_key_listeners" />
    <item type="id" name="text" />
    <item type="id" name="text2" />
    <item type="id" name="title" />
    <item type="id" name="title_bar">false</item>
    <item type="id" name="statusText">false</item>
    <item type="id" name="downloaderDashboard">false</item>
    <item type="id" name="progressAsFraction">false</item>
    <item type="id" name="progressAsPercentage">false</item>
    <item type="id" name="progressBar">false</item>
    <item type="id" name="progressAverageSpeed">false</item>
    <item type="id" name="progressTimeRemaining">false</item>
    <item type="id" name="downloaderDashboardHoriz">false</item>
    <item type="id" name="pauseButton">false</item>
    <item type="id" name="cancelButton">false</item>
    <item type="id" name="approveCellular">false</item>
    <item type="id" name="textPausedParagraph1">false</item>
    <item type="id" name="textPausedParagraph2">false</item>
    <item type="id" name="buttonRow">false</item>
    <item type="id" name="resumeOverCellular">false</item>
    <item type="id" name="wifiSettingsButton">false</item>
    <item type="id" name="demogl">false</item>
    <item type="id" name="ad">false</item>
    <item type="id" name="action_container">false</item>
    <item type="id" name="action_image">false</item>
    <item type="id" name="action_text">false</item>
    <item type="id" name="action0">false</item>
    <item type="id" name="cancel_action">false</item>
    <item type="id" name="status_bar_latest_event_content">false</item>
    <item type="id" name="media_actions">false</item>
    <item type="id" name="action_divider">false</item>
    <item type="id" name="notification_main_column_container">false</item>
    <item type="id" name="notification_main_column">false</item>
    <item type="id" name="right_side">false</item>
    <item type="id" name="time">false</item>
    <item type="id" name="chronometer">false</item>
    <item type="id" name="info">false</item>
    <item type="id" name="icon">false</item>
    <item type="id" name="notification_background">false</item>
    <item type="id" name="right_icon">false</item>
    <item type="id" name="actions">false</item>
    <item type="id" name="icon_group">false</item>
    <item type="id" name="end_padder">false</item>
    <item type="id" name="username_view">false</item>
    <item type="id" name="username">false</item>
    <item type="id" name="password_view">false</item>
    <item type="id" name="password">false</item>
</resources>
