<?xml version="1.0" encoding="utf-8"?>
<resources>
    <public type="attr" name="coordinatorLayoutStyle" id="0x7f010000" />
    <public type="attr" name="alpha" id="0x7f010001" />
    <public type="attr" name="keylines" id="0x7f010002" />
    <public type="attr" name="statusBarBackground" id="0x7f010003" />
    <public type="attr" name="layout_behavior" id="0x7f010004" />
    <public type="attr" name="layout_anchor" id="0x7f010005" />
    <public type="attr" name="layout_keyline" id="0x7f010006" />
    <public type="attr" name="layout_anchorGravity" id="0x7f010007" />
    <public type="attr" name="layout_insetEdge" id="0x7f010008" />
    <public type="attr" name="layout_dodgeInsetEdges" id="0x7f010009" />
    <public type="attr" name="fontProviderAuthority" id="0x7f01000a" />
    <public type="attr" name="fontProviderPackage" id="0x7f01000b" />
    <public type="attr" name="fontProviderQuery" id="0x7f01000c" />
    <public type="attr" name="fontProviderCerts" id="0x7f01000d" />
    <public type="attr" name="fontProviderFetchStrategy" id="0x7f01000e" />
    <public type="attr" name="fontProviderFetchTimeout" id="0x7f01000f" />
    <public type="attr" name="fontStyle" id="0x7f010010" />
    <public type="attr" name="font" id="0x7f010011" />
    <public type="attr" name="fontWeight" id="0x7f010012" />
    <public type="attr" name="fontVariationSettings" id="0x7f010013" />
    <public type="attr" name="ttcIndex" id="0x7f010014" />
    <public type="drawable" name="banner" id="0x7f020002" />
    <public type="drawable" name="icon" id="0x7f020003" />
    <public type="drawable" name="notification_bg" id="0x7f020005" />
    <public type="drawable" name="notification_bg_low" id="0x7f020006" />
    <public type="drawable" name="notification_icon_background" id="0x7f02000b" />
    <public type="drawable" name="notification_tile_bg" id="0x7f02000c" />
    <public type="drawable" name="notification_template_icon_bg" id="0x7f02000e" />
    <public type="drawable" name="notification_template_icon_low_bg" id="0x7f02000f" />
    <public type="drawable" name="notification_action_background" id="0x7f020004" />
    <public type="drawable" name="adaptive_bg" id="0x7f020000" />
    <public type="drawable" name="adaptive_icon" id="0x7f020001" />
    <public type="drawable" name="notification_bg_low_normal" id="0x7f020007" />
    <public type="drawable" name="notification_bg_low_pressed" id="0x7f020008" />
    <public type="drawable" name="notification_bg_normal" id="0x7f020009" />
    <public type="drawable" name="notification_bg_normal_pressed" id="0x7f02000a" />
    <public type="drawable" name="notify_panel_notification_icon_bg" id="0x7f02000d" />
    <public type="layout" name="download" id="0x7f030000" />
    <public type="layout" name="main" id="0x7f030001" />
    <public type="layout" name="notification_action" id="0x7f030002" />
    <public type="layout" name="notification_action_tombstone" id="0x7f030003" />
    <public type="layout" name="notification_media_action" id="0x7f030004" />
    <public type="layout" name="notification_media_cancel_action" id="0x7f030005" />
    <public type="layout" name="notification_template_big_media" id="0x7f030006" />
    <public type="layout" name="notification_template_big_media_custom" id="0x7f030007" />
    <public type="layout" name="notification_template_big_media_narrow" id="0x7f030008" />
    <public type="layout" name="notification_template_big_media_narrow_custom" id="0x7f030009" />
    <public type="layout" name="notification_template_icon_group" id="0x7f03000b" />
    <public type="layout" name="notification_template_lines_media" id="0x7f03000c" />
    <public type="layout" name="notification_template_media" id="0x7f03000d" />
    <public type="layout" name="notification_template_media_custom" id="0x7f03000e" />
    <public type="layout" name="notification_template_part_chronometer" id="0x7f03000f" />
    <public type="layout" name="notification_template_part_time" id="0x7f030010" />
    <public type="layout" name="userpasslayout" id="0x7f030011" />
    <public type="layout" name="notification_template_custom_big" id="0x7f03000a" />
    <public type="xml" name="preferences" id="0x7f040000" />
    <public type="string" name="status_bar_notification_info_overflow" id="0x7f050000" />
    <public type="string" name="app_id" id="0x7f050001" />
    <public type="string" name="app_name" id="0x7f050002" />
    <public type="string" name="banner_desc" id="0x7f050003" />
    <public type="string" name="billing_failed_message" id="0x7f050004" />
    <public type="string" name="billing_failed_title" id="0x7f050005" />
    <public type="string" name="billing_not_supported_message" id="0x7f050006" />
    <public type="string" name="billing_not_supported_title" id="0x7f050007" />
    <public type="string" name="cannot_connect_message" id="0x7f050008" />
    <public type="string" name="cannot_connect_title" id="0x7f050009" />
    <public type="string" name="help_url" id="0x7f05000a" />
    <public type="string" name="learn_more" id="0x7f05000b" />
    <public type="string" name="license_fail" id="0x7f05000c" />
    <public type="string" name="menu_exit" id="0x7f05000d" />
    <public type="string" name="menu_settings" id="0x7f05000e" />
    <public type="string" name="restoring_transactions" id="0x7f05000f" />
    <public type="string" name="text_button_cancel" id="0x7f050010" />
    <public type="string" name="text_button_pause" id="0x7f050011" />
    <public type="string" name="text_button_resume" id="0x7f050012" />
    <public type="string" name="text_button_resume_cellular" id="0x7f050013" />
    <public type="string" name="text_button_wifi_settings" id="0x7f050014" />
    <public type="string" name="text_paused_cellular" id="0x7f050015" />
    <public type="string" name="text_paused_cellular_2" id="0x7f050016" />
    <public type="string" name="xperiaplayoptimized_content" id="0x7f050017" />
    <public type="dimen" name="notification_right_side_padding_top" id="0x7f060000" />
    <public type="dimen" name="notification_content_margin_start" id="0x7f060001" />
    <public type="dimen" name="notification_main_column_padding_top" id="0x7f060002" />
    <public type="dimen" name="notification_media_narrow_margin" id="0x7f060003" />
    <public type="dimen" name="compat_button_inset_horizontal_material" id="0x7f060004" />
    <public type="dimen" name="compat_button_inset_vertical_material" id="0x7f060005" />
    <public type="dimen" name="compat_button_padding_horizontal_material" id="0x7f060006" />
    <public type="dimen" name="compat_button_padding_vertical_material" id="0x7f060007" />
    <public type="dimen" name="compat_control_corner_material" id="0x7f060008" />
    <public type="dimen" name="compat_notification_large_icon_max_height" id="0x7f060009" />
    <public type="dimen" name="compat_notification_large_icon_max_width" id="0x7f06000a" />
    <public type="dimen" name="notification_action_icon_size" id="0x7f06000b" />
    <public type="dimen" name="notification_action_text_size" id="0x7f06000c" />
    <public type="dimen" name="notification_big_circle_margin" id="0x7f06000d" />
    <public type="dimen" name="notification_large_icon_height" id="0x7f06000e" />
    <public type="dimen" name="notification_large_icon_width" id="0x7f06000f" />
    <public type="dimen" name="notification_right_icon_size" id="0x7f060010" />
    <public type="dimen" name="notification_small_icon_background_padding" id="0x7f060011" />
    <public type="dimen" name="notification_small_icon_size_as_large" id="0x7f060012" />
    <public type="dimen" name="notification_subtext_size" id="0x7f060013" />
    <public type="dimen" name="notification_top_pad" id="0x7f060014" />
    <public type="dimen" name="notification_top_pad_large_text" id="0x7f060015" />
    <public type="dimen" name="subtitle_corner_radius" id="0x7f060016" />
    <public type="dimen" name="subtitle_outline_width" id="0x7f060017" />
    <public type="dimen" name="subtitle_shadow_offset" id="0x7f060018" />
    <public type="dimen" name="subtitle_shadow_radius" id="0x7f060019" />
    <public type="color" name="notification_action_color_filter" id="0x7f070000" />
    <public type="color" name="notification_icon_bg_color" id="0x7f070001" />
    <public type="color" name="notification_material_background_media_default_color" id="0x7f070002" />
    <public type="color" name="primary_text_default_material_dark" id="0x7f070003" />
    <public type="color" name="ripple_material_light" id="0x7f070004" />
    <public type="color" name="secondary_text_default_material_dark" id="0x7f070005" />
    <public type="color" name="secondary_text_default_material_light" id="0x7f070006" />
    <public type="style" name="TextAppearance.Compat.Notification" id="0x7f080000" />
    <public type="style" name="TextAppearance.Compat.Notification.Info" id="0x7f080001" />
    <public type="style" name="TextAppearance.Compat.Notification.Info.Media" id="0x7f080002" />
    <public type="style" name="TextAppearance.Compat.Notification.Media" id="0x7f080003" />
    <public type="style" name="TextAppearance.Compat.Notification.Time" id="0x7f080004" />
    <public type="style" name="TextAppearance.Compat.Notification.Time.Media" id="0x7f080005" />
    <public type="style" name="TextAppearance.Compat.Notification.Title" id="0x7f080006" />
    <public type="style" name="TextAppearance.Compat.Notification.Title.Media" id="0x7f080007" />
    <public type="style" name="Widget.Compat.NotificationActionContainer" id="0x7f080008" />
    <public type="style" name="Widget.Compat.NotificationActionText" id="0x7f080009" />
    <public type="style" name="TextAppearance.Compat.Notification.Line2" id="0x7f08000a" />
    <public type="style" name="TextAppearance.Compat.Notification.Line2.Media" id="0x7f08000b" />
    <public type="style" name="Widget.Support.CoordinatorLayout" id="0x7f08000c" />
    <public type="id" name="line1" id="0x7f090000" />
    <public type="id" name="line3" id="0x7f090001" />
    <public type="id" name="tag_transition_group" id="0x7f090002" />
    <public type="id" name="tag_unhandled_key_event_manager" id="0x7f090003" />
    <public type="id" name="tag_unhandled_key_listeners" id="0x7f090004" />
    <public type="id" name="text" id="0x7f090005" />
    <public type="id" name="text2" id="0x7f090006" />
    <public type="id" name="title" id="0x7f090007" />
    <public type="id" name="bottom" id="0x7f090008" />
    <public type="id" name="center" id="0x7f090009" />
    <public type="id" name="center_horizontal" id="0x7f09000a" />
    <public type="id" name="center_vertical" id="0x7f09000b" />
    <public type="id" name="clip_horizontal" id="0x7f09000c" />
    <public type="id" name="clip_vertical" id="0x7f09000d" />
    <public type="id" name="end" id="0x7f09000e" />
    <public type="id" name="fill" id="0x7f09000f" />
    <public type="id" name="fill_horizontal" id="0x7f090010" />
    <public type="id" name="fill_vertical" id="0x7f090011" />
    <public type="id" name="left" id="0x7f090012" />
    <public type="id" name="right" id="0x7f090013" />
    <public type="id" name="start" id="0x7f090014" />
    <public type="id" name="top" id="0x7f090015" />
    <public type="id" name="none" id="0x7f090016" />
    <public type="id" name="all" id="0x7f090017" />
    <public type="id" name="async" id="0x7f090018" />
    <public type="id" name="blocking" id="0x7f090019" />
    <public type="id" name="forever" id="0x7f09001a" />
    <public type="id" name="italic" id="0x7f09001b" />
    <public type="id" name="normal" id="0x7f09001c" />
    <public type="id" name="title_bar" id="0x7f09001d" />
    <public type="id" name="statusText" id="0x7f09001e" />
    <public type="id" name="downloaderDashboard" id="0x7f09001f" />
    <public type="id" name="progressAsFraction" id="0x7f090020" />
    <public type="id" name="progressAsPercentage" id="0x7f090021" />
    <public type="id" name="progressBar" id="0x7f090022" />
    <public type="id" name="progressAverageSpeed" id="0x7f090023" />
    <public type="id" name="progressTimeRemaining" id="0x7f090024" />
    <public type="id" name="downloaderDashboardHoriz" id="0x7f090025" />
    <public type="id" name="pauseButton" id="0x7f090026" />
    <public type="id" name="cancelButton" id="0x7f090027" />
    <public type="id" name="approveCellular" id="0x7f090028" />
    <public type="id" name="textPausedParagraph1" id="0x7f090029" />
    <public type="id" name="textPausedParagraph2" id="0x7f09002a" />
    <public type="id" name="buttonRow" id="0x7f09002b" />
    <public type="id" name="resumeOverCellular" id="0x7f09002c" />
    <public type="id" name="wifiSettingsButton" id="0x7f09002d" />
    <public type="id" name="demogl" id="0x7f09002e" />
    <public type="id" name="ad" id="0x7f09002f" />
    <public type="id" name="action_container" id="0x7f090030" />
    <public type="id" name="action_image" id="0x7f090031" />
    <public type="id" name="action_text" id="0x7f090032" />
    <public type="id" name="action0" id="0x7f090033" />
    <public type="id" name="cancel_action" id="0x7f090034" />
    <public type="id" name="status_bar_latest_event_content" id="0x7f090035" />
    <public type="id" name="media_actions" id="0x7f090036" />
    <public type="id" name="action_divider" id="0x7f090037" />
    <public type="id" name="notification_main_column_container" id="0x7f090038" />
    <public type="id" name="notification_main_column" id="0x7f090039" />
    <public type="id" name="right_side" id="0x7f09003a" />
    <public type="id" name="time" id="0x7f09003b" />
    <public type="id" name="chronometer" id="0x7f09003c" />
    <public type="id" name="info" id="0x7f09003d" />
    <public type="id" name="icon" id="0x7f09003e" />
    <public type="id" name="notification_background" id="0x7f09003f" />
    <public type="id" name="right_icon" id="0x7f090040" />
    <public type="id" name="actions" id="0x7f090041" />
    <public type="id" name="icon_group" id="0x7f090042" />
    <public type="id" name="end_padder" id="0x7f090043" />
    <public type="id" name="username_view" id="0x7f090044" />
    <public type="id" name="username" id="0x7f090045" />
    <public type="id" name="password_view" id="0x7f090046" />
    <public type="id" name="password" id="0x7f090047" />
    <public type="integer" name="cancel_button_image_alpha" id="0x7f0a0000" />
    <public type="integer" name="status_bar_notification_info_maxnum" id="0x7f0a0001" />
</resources>