<?xml version="1.0" encoding="utf-8"?>
<resources>
    <style name="TextAppearance.Compat.Notification" parent="@android:style/TextAppearance.StatusBar.EventContent" />
    <style name="TextAppearance.Compat.Notification.Info" parent="@style/TextAppearance.Compat.Notification">
        <item name="android:textSize">12.0sp</item>
        <item name="android:textColor">?android:textColorSecondary</item>
    </style>
    <style name="TextAppearance.Compat.Notification.Info.Media" parent="@style/TextAppearance.Compat.Notification.Info" />
    <style name="TextAppearance.Compat.Notification.Media" parent="@style/TextAppearance.Compat.Notification" />
    <style name="TextAppearance.Compat.Notification.Time" parent="@style/TextAppearance.Compat.Notification">
        <item name="android:textSize">12.0sp</item>
        <item name="android:textColor">?android:textColorSecondary</item>
    </style>
    <style name="TextAppearance.Compat.Notification.Time.Media" parent="@style/TextAppearance.Compat.Notification.Time" />
    <style name="TextAppearance.Compat.Notification.Title" parent="@android:style/TextAppearance.StatusBar.EventContent.Title" />
    <style name="TextAppearance.Compat.Notification.Title.Media" parent="@style/TextAppearance.Compat.Notification.Title" />
    <style name="Widget.Compat.NotificationActionContainer" parent="" />
    <style name="Widget.Compat.NotificationActionText" parent="" />
    <style name="TextAppearance.Compat.Notification.Line2" parent="@style/TextAppearance.Compat.Notification.Info" />
    <style name="TextAppearance.Compat.Notification.Line2.Media" parent="@style/TextAppearance.Compat.Notification.Info.Media" />
    <style name="Widget.Support.CoordinatorLayout" parent="@android:style/Widget">
        <item name="statusBarBackground">#ff000000</item>
    </style>
</resources>
